feature,gain
EXT_SOURCE_2,76167.16833639145
EXT_SOURCE_3,71361.80717611313
ORGANIZATION_TYPE,46943.36636304855
EXT_SOURCE_1,24825.411989688873
CREDIT_TERM,15915.508456230164
BUREAU_DEBT_RATIO_MAX,15487.100415706635
OCCUPATION_TYPE,9885.112390041351
INS_LATE_RATE,9496.86588191986
DAYS_EMPLOYED,7538.316448688507
DAYS_BIRTH,7389.947492599487
AMT_ANNUITY,7356.200643062592
BUREAU_DEBT_RATIO_MEAN,7110.286434650421
CC_CNT_DRAWINGS_ATM_CURRENT_MEAN,5646.685611248016
INS_AMT_PAYMENT_SUM,5626.7768659591675
AMT_GOODS_PRICE,5008.63490819931
NAME_EDUCATION_TYPE,4962.558792591095
PREV_APPROVAL_RATE,4839.968148231506
POS_CNT_INSTALMENT_FUTURE_MEAN,4794.709697008133
CODE_GENDER,4730.334177017212
AMT_CREDIT,4260.331136226654
OWN_CAR_AGE,3637.7958245277405
DAYS_ID_PUBLISH,3577.306740283966
ANNUITY_INCOME_RATIO,3520.2433228492737
BUREAU_DAYS_CREDIT_MEAN,3431.7788033485413
PREV_CNT_PAYMENT_MEAN,3303.534496307373
PREV_APP_CREDIT_RATIO_MEAN,3236.587037086487
BUREAU_DAYS_CREDIT_ENDDATE_MAX,3176.876434803009
BUREAU_DAYS_CREDIT_MAX,3126.702268600464
INS_PAY_RATIO_MEAN,2917.3603115081787
INS_UNDERPAID_MEAN,2767.9653763771057
PREV_AMT_DOWN_PAYMENT_SUM,2718.8297147750854
INS_DAYS_LATE_SUM,2617.15225982666
PREV_APP_CREDIT_RATIO_MIN,2563.721399307251
CC_CNT_DRAWINGS_CURRENT_MEAN,2487.1635479927063
BUREAU_DEBT_RATIO_SUM,2471.457272529602
DAYS_REGISTRATION,2404.3478741645813
POS_MONTHS_BALANCE_SUM,2389.1190366744995
CREDIT_INCOME_RATIO,2379.4789700508118
BUREAU_AMT_CREDIT_SUM_MAX,2289.3496203422546
INS_AMT_PAYMENT_MEAN,2229.406036376953
BUREAU_DAYS_ENDDATE_FACT_MAX,2215.2664270401
NAME_FAMILY_STATUS,2170.3477444648743
POS_SK_DPD_DEF_MEAN,2153.5877118110657
EMPLOYED_AGE_RATIO,2136.825581073761
PREV_DAYS_LAST_DUE_1ST_VERSION_MAX,2134.5890893936157
POS_COUNT,2118.102952480316
INS_DAYS_ENTRY_PAYMENT_MAX,2111.5553107261658
INS_AMT_INSTALMENT_MIN,2088.953070640564
PREV_AMT_ANNUITY_MIN,2033.6940512657166
BUREAU_AMT_CREDIT_MAX_OVERDUE_MEAN,2024.2467713356018
INS_AMT_INSTALMENT_SUM,1966.739948272705
BUREAU_AMT_CREDIT_MAX_OVERDUE_MAX,1925.5966172218323
BUREAU_AMT_CREDIT_SUM_SUM,1904.8634939193726
DAYS_LAST_PHONE_CHANGE,1877.375470161438
INS_AMT_PAYMENT_MIN,1868.0189352035522
INS_DAYS_LATE_MAX,1851.6909935474396
FLAG_DOCUMENT_3,1845.3728280067444
PREV_AMT_DOWN_PAYMENT_MAX,1812.0622663497925
PREV_HOUR_APPR_PROCESS_START_MEAN,1784.3620162010193
PREV_AMT_ANNUITY_MEAN,1782.14528799057
INS_AMT_INSTALMENT_MAX,1772.5067853927612
PREV_CNT_PAYMENT_MAX,1743.4697790145874
BUREAU_AMT_CREDIT_SUM_DEBT_MAX,1714.4538583755493
PREV_AMT_GOODS_PRICE_MIN,1710.9255509376526
REGION_POPULATION_RELATIVE,1691.2770762443542
BUREAU_AMT_CREDIT_SUM_MEAN,1676.6251997947693
NAME_CONTRACT_TYPE,1660.3513641357422
INS_DAYS_LATE_MIN,1602.3564455509186
PREV_APP_CREDIT_RATIO_MAX,1546.7255444526672
CC_CNT_DRAWINGS_CURRENT_MAX,1535.993977546692
POS_MONTHS_BALANCE_MAX,1534.2607288360596
BUREAU_AMT_CREDIT_SUM_MIN,1518.787602186203
INS_DAYS_INSTALMENT_MAX,1500.4040307998657
REGION_RATING_CLIENT_W_CITY,1492.5668058395386
BUREAU_DAYS_CREDIT_ENDDATE_SUM,1417.5273962020874
INS_DAYS_INSTALMENT_MIN,1416.7241587638855
INS_NUM_INSTALMENT_NUMBER_MEAN,1409.040476322174
BUREAU_AMT_CREDIT_MAX_OVERDUE_SUM,1401.5855102539062
INS_DAYS_LATE_MEAN,1384.8584804534912
PREV_DAYS_DECISION_MAX,1383.7464270591736
PREV_SELLERPLACE_AREA_MEAN,1377.8354234695435
POS_SK_DPD_DEF_MAX,1319.3770928382874
BUREAU_DAYS_CREDIT_SUM,1306.248953819275
DEF_30_CNT_SOCIAL_CIRCLE,1304.2924609184265
PREV_CNT_PAYMENT_SUM,1276.9340205192566
INS_UNDERPAID_MAX,1239.603663444519
PREV_SELLERPLACE_AREA_MAX,1237.3345437049866
INS_PAY_RATIO_SUM,1222.8255715370178
BUREAU_AMT_CREDIT_SUM_DEBT_MEAN,1222.5149250030518
POS_CNT_INSTALMENT_MAX,1213.6339967250824
BUREAU_DAYS_CREDIT_UPDATE_MAX,1166.0525822639465
INS_AMT_PAYMENT_MAX,1160.7546467781067
BUREAU_AMT_CREDIT_SUM_DEBT_SUM,1156.6331248283386
INS_DAYS_ENTRY_PAYMENT_MIN,1155.853042125702
PREV_DAYS_LAST_DUE_1ST_VERSION_SUM,1139.6847515106201
BUREAU_DAYS_CREDIT_ENDDATE_MEAN,1138.8669238090515
INS_NUM_INSTALMENT_VERSION_MEAN,1120.4775614738464
PREV_DAYS_DECISION_SUM,1117.5923690795898
POS_CNT_INSTALMENT_FUTURE_MAX,1117.152310848236
INS_NUM_INSTALMENT_NUMBER_MAX,1117.0074844360352
TOTALAREA_MODE,1101.2671747207642
INS_NUM_INSTALMENT_VERSION_SUM,1100.7730994224548
BUREAU_DAYS_ENDDATE_FACT_MIN,1078.1797151565552
BUREAU_DAYS_ENDDATE_FACT_MEAN,1057.6945610046387
PREV_DAYS_DECISION_MEAN,1054.5522332191467
PREV_RATE_DOWN_PAYMENT_MAX,1046.699339389801
POS_MONTHS_BALANCE_MEAN,1022.3170747756958
AMT_INCOME_TOTAL,1016.8938522338867
BUREAU_ACTIVE_N,1012.5321598052979
BUREAU_DAYS_CREDIT_UPDATE_MEAN,1007.4540982246399
WEEKDAY_APPR_PROCESS_START,999.9297370910645
PREV_RATE_DOWN_PAYMENT_MEAN,974.762414932251
PREV_DAYS_LAST_DUE_SUM,964.3775053024292
INS_DAYS_ENTRY_PAYMENT_SUM,955.2012438774109
BUREAU_DAYS_CREDIT_MIN,950.557026386261
INS_AMT_INSTALMENT_MEAN,948.1192555427551
PREV_HOUR_APPR_PROCESS_START_MAX,944.1261515617371
INS_UNDERPAID_SUM,932.0987720489502
PREV_APP_CREDIT_RATIO_SUM,931.5349335670471
POS_MONTHS_BALANCE_MIN,919.9869585037231
CC_AMT_DRAWINGS_ATM_CURRENT_MEAN,918.8982663154602
PREV_SELLERPLACE_AREA_SUM,916.0976886749268
PREV_AMT_GOODS_PRICE_MEAN,897.133448600769
PREV_AMT_ANNUITY_MAX,830.2810168266296
BUREAU_DAYS_CREDIT_UPDATE_MIN,821.98335313797
BUREAU_DAYS_ENDDATE_FACT_SUM,816.5383276939392
INS_DAYS_ENTRY_PAYMENT_MEAN,815.837749004364
BUREAU_DAYS_CREDIT_ENDDATE_MIN,814.5411624908447
POS_CNT_INSTALMENT_FUTURE_SUM,807.6327271461487
INS_DAYS_INSTALMENT_SUM,796.5775213241577
PREV_DAYS_FIRST_DUE_MEAN,787.6842861175537
PREV_AMT_CREDIT_MEAN,784.9787278175354
PREV_DAYS_FIRST_DRAWING_SUM,776.0718116760254
PREV_DAYS_TERMINATION_SUM,771.4240636825562
POS_CNT_INSTALMENT_MEAN,767.3193793296814
POS_CNT_INSTALMENT_SUM,759.1904993057251
CC_AMT_CREDIT_LIMIT_ACTUAL_MEAN,750.9843611717224
PREV_AMT_CREDIT_MAX,748.4120287895203
BUREAU_DAYS_CREDIT_UPDATE_SUM,744.323221206665
BUREAU_BB_MONTHS_MEAN,743.0897765159607
POS_CNT_INSTALMENT_MIN,742.2346863746643
PREV_DAYS_FIRST_DUE_MAX,726.5614099502563
LIVINGAREA_MODE,714.4608821868896
YEARS_BEGINEXPLUATATION_MODE,708.7222485542297
PREV_DAYS_TERMINATION_MEAN,705.5115880966187
BUREAU_AMT_CREDIT_SUM_LIMIT_MEAN,703.0641889572144
PREV_AMT_DOWN_PAYMENT_MEAN,701.8130788803101
REG_CITY_NOT_LIVE_CITY,701.4791507720947
BUREAU_DEBT_RATIO_MIN,692.5194959640503
APARTMENTS_AVG,685.8971800804138
INS_DAYS_INSTALMENT_MEAN,683.7234423160553
PREV_RATE_DOWN_PAYMENT_SUM,674.1006269454956
PREV_AMT_ANNUITY_SUM,665.9604797363281
BUREAU_AMT_CREDIT_SUM_OVERDUE_MAX,663.6966118812561
BUREAU_ACTIVE_RATE,658.7193999290466
CC_AMT_RECIVABLE_MEAN,656.3067440986633
BUREAU_COUNT,654.6537823677063
CC_AMT_BALANCE_MEAN,645.7883768081665
PREV_HOUR_APPR_PROCESS_START_SUM,630.2002763748169
INS_NUM_INSTALMENT_NUMBER_SUM,629.372040271759
NAME_INCOME_TYPE,622.3697829246521
PREV_DAYS_LAST_DUE_1ST_VERSION_MIN,618.9735813140869
YEARS_BEGINEXPLUATATION_AVG,611.3743538856506
PREV_AMT_APPLICATION_MEAN,600.1673219203949
INS_PAY_RATIO_MIN,599.4649085998535
HOUR_APPR_PROCESS_START,598.964732170105
AMT_REQ_CREDIT_BUREAU_QRT,579.3719792366028
INS_NUM_INSTALMENT_VERSION_MAX,579.0525245666504
LIVINGAREA_AVG,571.1772298812866
PREV_DAYS_LAST_DUE_1ST_VERSION_MEAN,566.5965209007263
PREV_AMT_DOWN_PAYMENT_MIN,563.1047601699829
PREV_AMT_CREDIT_SUM,560.1874532699585
APARTMENTS_MEDI,557.6495275497437
FLAG_OWN_CAR,557.0892601013184
PREV_AMT_APPLICATION_MAX,555.2754592895508
CC_AMT_PAYMENT_TOTAL_CURRENT_MEAN,547.337320804596
INS_COUNT,542.5015640258789
DEF_60_CNT_SOCIAL_CIRCLE,532.1691317558289
CC_AMT_RECEIVABLE_PRINCIPAL_MEAN,531.0014266967773
FLAG_WORK_PHONE,522.1845645904541
PREV_AMT_GOODS_PRICE_MAX,517.5777096748352
PREV_DAYS_TERMINATION_MIN,516.0340805053711
LANDAREA_MODE,513.718542098999
LANDAREA_AVG,511.88756132125854
BUREAU_BB_MONTHS_MAX,504.35529947280884
APARTMENTS_MODE,500.84723234176636
CC_AMT_DRAWINGS_CURRENT_MEAN,500.6161599159241
YEARS_BEGINEXPLUATATION_MEDI,500.00794792175293
LIVINGAREA_MEDI,495.9144883155823
PREV_AMT_APPLICATION_MIN,494.90550994873047
PREV_DAYS_DECISION_MIN,494.1313786506653
PREV_HOUR_APPR_PROCESS_START_MIN,489.68419075012207
WALLSMATERIAL_MODE,479.51161670684814
PREV_AMT_CREDIT_MIN,477.29180002212524
CC_AMT_PAYMENT_CURRENT_MEAN,461.5812487602234
PREV_DAYS_LAST_DUE_MIN,459.62278175354004
BUREAU_BB_MONTHS_MIN_MEAN,459.5624384880066
PREV_SELLERPLACE_AREA_MIN,452.30699920654297
PREV_DAYS_LAST_DUE_MEAN,450.16722106933594
CC_AMT_BALANCE_MAX,445.03796005249023
POS_SK_DPD_MEAN,444.02399015426636
AMT_REQ_CREDIT_BUREAU_YEAR,440.06429386138916
NONLIVINGAREA_AVG,432.5686812400818
BUREAU_BB_MONTHS_MIN_SUM,429.93983936309814
PREV_DAYS_FIRST_DUE_SUM,428.16912031173706
LANDAREA_MEDI,426.0594229698181
BUREAU_BB_DPD_MONTHS_MEAN,416.9318392276764
BUREAU_AMT_ANNUITY_MAX,413.01189947128296
PREV_AMT_APPLICATION_SUM,409.91835927963257
BUREAU_AMT_CREDIT_SUM_DEBT_MIN,406.50654125213623
PREV_RATE_DOWN_PAYMENT_MIN,401.05605030059814
BUREAU_AMT_CREDIT_SUM_LIMIT_MAX,400.9542989730835
BUREAU_BB_MONTHS_MIN_MIN,399.1040358543396
POS_SK_DPD_DEF_SUM,397.28925704956055
PREV_DAYS_LAST_DUE_MAX,396.4446244239807
BUREAU_BB_MONTHS_MIN_MAX,387.88828134536743
CC_AMT_DRAWINGS_POS_CURRENT_MAX,385.3817014694214
BUREAU_AMT_ANNUITY_MEAN,384.53924083709717
BUREAU_AMT_CREDIT_SUM_LIMIT_SUM,377.54293990135193
ENTRANCES_AVG,369.8841438293457
REGION_RATING_CLIENT,356.92182779312134
BUREAU_BB_MONTHS_SUM,356.600528717041
INS_LATE_N,342.2712779045105
CC_AMT_INST_MIN_REGULARITY_SUM,341.5154709815979
CC_AMT_CREDIT_LIMIT_ACTUAL_SUM,336.33537197113037
OBS_60_CNT_SOCIAL_CIRCLE,328.8595304489136
PREV_DAYS_FIRST_DUE_MIN,326.1815495491028
NAME_HOUSING_TYPE,324.55381774902344
BASEMENTAREA_MEDI,320.57440757751465
PREV_NFLAG_INSURED_ON_APPROVAL_MEAN,318.5892605781555
CC_AMT_PAYMENT_CURRENT_SUM,318.23987102508545
CC_CNT_DRAWINGS_POS_CURRENT_MEAN,313.6567301750183
CC_AMT_DRAWINGS_ATM_CURRENT_SUM,311.6196856498718
CC_AMT_PAYMENT_CURRENT_MAX,311.1753797531128
CC_AMT_PAYMENT_TOTAL_CURRENT_SUM,309.7523612976074
BUREAU_AMT_CREDIT_SUM_OVERDUE_MEAN,300.1655602455139
POS_SK_DPD_MAX,293.32380962371826
CC_AMT_PAYMENT_TOTAL_CURRENT_MAX,289.5916213989258
BUREAU_AMT_CREDIT_MAX_OVERDUE_MIN,288.7718811035156
BASEMENTAREA_AVG,287.3975887298584
CC_CNT_DRAWINGS_ATM_CURRENT_MAX,284.84964179992676
OBS_30_CNT_SOCIAL_CIRCLE,283.3658866882324
PREV_CNT_PAYMENT_MIN,278.8049521446228
NONLIVINGAREA_MODE,270.8816385269165
BASEMENTAREA_MODE,267.0506982803345
LIVINGAPARTMENTS_MEDI,265.18687105178833
YEARS_BUILD_AVG,262.92808055877686
BUREAU_BB_MONTHS_MIN,261.68482065200806
NONLIVINGAREA_MEDI,260.9807195663452
CC_CNT_DRAWINGS_CURRENT_SUM,255.08111906051636
CC_AMT_RECIVABLE_SUM,255.0111689567566
CC_AMT_DRAWINGS_POS_CURRENT_SUM,253.02522993087769
COMMONAREA_MEDI,252.92191886901855
CC_CNT_DRAWINGS_ATM_CURRENT_SUM,252.21392679214478
LIVINGAPARTMENTS_AVG,251.3626298904419
COMMONAREA_AVG,249.83760929107666
COMMONAREA_MODE,249.45033025741577
CC_AMT_DRAWINGS_ATM_CURRENT_MAX,238.76281070709229
POS_SK_DPD_SUM,238.55887031555176
CC_AMT_BALANCE_MIN,236.7422776222229
CC_AMT_RECIVABLE_MAX,233.37087202072144
YEARS_BUILD_MEDI,228.73840951919556
YEARS_BUILD_MODE,228.1986894607544
CC_AMT_CREDIT_LIMIT_ACTUAL_MAX,225.7612500190735
FLAG_DOCUMENT_18,225.74259185791016
CC_MONTHS_BALANCE_SUM,217.42602109909058
CC_AMT_INST_MIN_REGULARITY_MEAN,211.28532123565674
CC_AMT_DRAWINGS_CURRENT_MAX,209.66762161254883
CC_AMT_CREDIT_LIMIT_ACTUAL_MIN,203.2929162979126
BUREAU_AMT_ANNUITY_SUM,198.70754957199097
BUREAU_AMT_CREDIT_SUM_OVERDUE_SUM,196.5281229019165
FLAG_PHONE,193.47071170806885
PREV_DAYS_FIRST_DRAWING_MEAN,192.31604862213135
PREV_AMT_GOODS_PRICE_SUM,188.4904580116272
CC_CNT_INSTALMENT_MATURE_CUM_MEAN,188.2586612701416
CC_AMT_TOTAL_RECEIVABLE_MAX,185.97468852996826
NAME_TYPE_SUITE,182.98623657226562
PREV_DAYS_TERMINATION_MAX,182.09106016159058
CC_AMT_DRAWINGS_CURRENT_SUM,179.48385906219482
NONLIVINGAPARTMENTS_AVG,178.25558853149414
CC_CNT_DRAWINGS_POS_CURRENT_MAX,178.14723014831543
CC_AMT_RECEIVABLE_PRINCIPAL_MAX,177.3354787826538
BUREAU_BB_DPD_MONTHS_SUM,174.33942937850952
ENTRANCES_MODE,167.488178730011
ELEVATORS_MODE,167.4183006286621
CC_AMT_INST_MIN_REGULARITY_MAX,164.41641807556152
CC_CNT_INSTALMENT_MATURE_CUM_SUM,164.02362060546875
PREV_NFLAG_LAST_APPL_IN_DAY_SUM,163.67530298233032
BUREAU_AMT_ANNUITY_MIN,162.43691158294678
FLOORSMAX_AVG,160.96857023239136
CC_AMT_RECIVABLE_MIN,159.04751873016357
PREV_NFLAG_INSURED_ON_APPROVAL_SUM,154.24251079559326
CC_AMT_TOTAL_RECEIVABLE_MEAN,153.67490100860596
AMT_REQ_CREDIT_BUREAU_MON,151.1457691192627
FLOORSMAX_MEDI,150.2748417854309
PREV_COUNT,149.09352922439575
CC_AMT_PAYMENT_CURRENT_MIN,142.5337905883789
INS_PAY_RATIO_MAX,134.33858966827393
CC_AMT_RECEIVABLE_PRINCIPAL_SUM,133.22659015655518
CC_AMT_DRAWINGS_POS_CURRENT_MEAN,128.812659740448
FLAG_DOCUMENT_16,127.84156942367554
ELEVATORS_AVG,126.244300365448
CC_CNT_INSTALMENT_MATURE_CUM_MAX,125.73342990875244
ENTRANCES_MEDI,125.61029052734375
BUREAU_BB_DPD_MONTHS_MIN,124.9193696975708
LIVINGAPARTMENTS_MODE,123.60767030715942
CNT_FAM_MEMBERS,122.28678894042969
CC_AMT_BALANCE_SUM,114.06718301773071
INS_UNDERPAID_MIN,110.92855072021484
CC_AMT_TOTAL_RECEIVABLE_SUM,105.74941873550415
FLOORSMIN_MEDI,103.46685123443604
BUREAU_BB_DPD_MONTHS_MAX,99.70626974105835
CC_MONTHS_BALANCE_MEAN,98.19055986404419
CC_SK_DPD_DEF_MEAN,95.69794988632202
NONLIVINGAPARTMENTS_MEDI,94.85544061660767
CNT_CHILDREN,93.46264839172363
FLAG_OWN_REALTY,91.7038803100586
CC_AMT_RECEIVABLE_PRINCIPAL_MIN,91.53816795349121
CC_AMT_DRAWINGS_OTHER_CURRENT_MAX,89.00914096832275
CC_MONTHS_BALANCE_MIN,82.1040906906128
CC_CNT_DRAWINGS_POS_CURRENT_SUM,77.41701984405518
FONDKAPREMONT_MODE,74.95206022262573
POS_CNT_INSTALMENT_FUTURE_MIN,72.98959016799927
PREV_APPROVED_N,71.88762855529785
FLOORSMAX_MODE,69.36289024353027
ELEVATORS_MEDI,68.78820848464966
BUREAU_CNT_CREDIT_PROLONG_MEAN,66.65007066726685
LIVE_CITY_NOT_WORK_CITY,61.550870418548584
CC_SK_DPD_SUM,61.54788017272949
BUREAU_AMT_CREDIT_SUM_LIMIT_MIN,59.30168962478638
REG_CITY_NOT_WORK_CITY,57.63619041442871
CC_SK_DPD_MEAN,57.32748985290527
FLOORSMIN_AVG,55.290669441223145
NONLIVINGAPARTMENTS_MODE,53.79425096511841
PREV_DAYS_FIRST_DRAWING_MIN,51.198959827423096
CC_AMT_DRAWINGS_OTHER_CURRENT_MEAN,46.70385932922363
CC_COUNT,45.60924959182739
AMT_REQ_CREDIT_BUREAU_WEEK,39.98315906524658
FLOORSMIN_MODE,38.366610050201416
CC_AMT_DRAWINGS_CURRENT_MIN,37.332329750061035
BUREAU_CREDIT_DAY_OVERDUE_MAX,35.58811044692993
BUREAU_CREDIT_DAY_OVERDUE_SUM,33.51946973800659
CC_CNT_DRAWINGS_OTHER_CURRENT_MEAN,30.796299934387207
INS_NUM_INSTALMENT_VERSION_MIN,29.714879512786865
PREV_NFLAG_INSURED_ON_APPROVAL_MIN,27.355899810791016
CC_AMT_DRAWINGS_OTHER_CURRENT_SUM,25.69279956817627
CC_SK_DPD_DEF_MAX,25.644200325012207
CC_AMT_TOTAL_RECEIVABLE_MIN,24.7170991897583
AMT_REQ_CREDIT_BUREAU_DAY,24.59471035003662
CC_AMT_INST_MIN_REGULARITY_MIN,21.087199211120605
PREV_NFLAG_INSURED_ON_APPROVAL_MAX,19.191450119018555
CC_CNT_DRAWINGS_POS_CURRENT_MIN,15.682719707489014
PREV_RATE_INTEREST_PRIMARY_MEAN,15.102439880371094
CC_AMT_DRAWINGS_POS_CURRENT_MIN,13.645600318908691
EMERGENCYSTATE_MODE,12.817500114440918
CC_AMT_PAYMENT_TOTAL_CURRENT_MIN,12.681570053100586
CC_MONTHS_BALANCE_MAX,12.380000114440918
LIVE_REGION_NOT_WORK_REGION,9.263389587402344
FLAG_DOCUMENT_8,8.698820114135742
REG_REGION_NOT_LIVE_REGION,7.692090034484863
CC_SK_DPD_DEF_SUM,7.034609794616699
FLAG_EMAIL,5.584569931030273
CC_SK_DPD_MAX,5.452859878540039
BUREAU_CREDIT_DAY_OVERDUE_MEAN,4.644700050354004
FLAG_DOCUMENT_17,0.0
FLAG_DOCUMENT_12,0.0
FLAG_DOCUMENT_13,0.0
FLAG_DOCUMENT_15,0.0
FLAG_DOCUMENT_14,0.0
PREV_NFLAG_LAST_APPL_IN_DAY_MEAN,0.0
BUREAU_CREDIT_DAY_OVERDUE_MIN,0.0
PREV_NFLAG_LAST_APPL_IN_DAY_MAX,0.0
PREV_NFLAG_LAST_APPL_IN_DAY_MIN,0.0
FLAG_DOCUMENT_20,0.0
AMT_REQ_CREDIT_BUREAU_HOUR,0.0
PREV_RATE_INTEREST_PRIVILEGED_MEAN,0.0
PREV_RATE_INTEREST_PRIVILEGED_MAX,0.0
PREV_RATE_INTEREST_PRIMARY_SUM,0.0
PREV_RATE_INTEREST_PRIMARY_MIN,0.0
BUREAU_AMT_CREDIT_SUM_OVERDUE_MIN,0.0
BUREAU_CNT_CREDIT_PROLONG_MAX,0.0
BUREAU_CNT_CREDIT_PROLONG_MIN,0.0
BUREAU_CNT_CREDIT_PROLONG_SUM,0.0
CC_CNT_DRAWINGS_CURRENT_MIN,0.0
CC_CNT_DRAWINGS_OTHER_CURRENT_MIN,0.0
CC_CNT_DRAWINGS_OTHER_CURRENT_SUM,0.0
CC_CNT_DRAWINGS_OTHER_CURRENT_MAX,0.0
CC_CNT_DRAWINGS_ATM_CURRENT_MIN,0.0
FLAG_DOCUMENT_19,0.0
FLAG_DOCUMENT_10,0.0
FLAG_DOCUMENT_11,0.0
PREV_DAYS_FIRST_DRAWING_MAX,0.0
FLAG_DOCUMENT_4,0.0
FLAG_DOCUMENT_6,0.0
FLAG_DOCUMENT_5,0.0
FLAG_DOCUMENT_7,0.0
FLAG_DOCUMENT_9,0.0
PREV_RATE_INTEREST_PRIVILEGED_MIN,0.0
PREV_RATE_INTEREST_PRIVILEGED_SUM,0.0
FLAG_DOCUMENT_21,0.0
PREV_RATE_INTEREST_PRIMARY_MAX,0.0
POS_SK_DPD_DEF_MIN,0.0
POS_SK_DPD_MIN,0.0
HOUSETYPE_MODE,0.0
INS_NUM_INSTALMENT_NUMBER_MIN,0.0
REG_REGION_NOT_WORK_REGION,0.0
FLAG_DOCUMENT_2,0.0
FLAG_CONT_MOBILE,0.0
FLAG_EMP_PHONE,0.0
FLAG_MOBIL,0.0
CC_AMT_DRAWINGS_OTHER_CURRENT_MIN,0.0
CC_AMT_DRAWINGS_ATM_CURRENT_MIN,0.0
CC_CNT_INSTALMENT_MATURE_CUM_MIN,0.0
CC_SK_DPD_MIN,0.0
CC_SK_DPD_DEF_MIN,0.0
