approval_rate,approved,bad_rate,declined_bad_rate
0.5,153756,0.022724316449439372,0.13873369971708238
0.51,156831,0.02327983625686248,0.1405229625696841
0.52,159906,0.023695170912911335,0.14251549744249856
0.53,162981,0.02415005430080807,0.1445305472912198
0.54,166056,0.0246422893481717,0.1465695804319395
0.55,169131,0.025128450727542554,0.1486847810377222
0.56,172206,0.02567274078719673,0.15080004434425925
0.5700000000000001,175281,0.026203638728669966,0.15300612569008545
0.5800000000000001,178356,0.026789118392428625,0.15521660020905115
0.5900000000000001,181431,0.027360263681509775,0.15752696700507615
0.6000000000000001,184507,0.02793389952684722,0.15992162856492473
0.6100000000000001,187582,0.028430233178023477,0.1625294966188328
0.6200000000000001,190657,0.029036437162023948,0.16506923169082788
0.6300000000000001,193732,0.029623397270456094,0.16774624491338472
0.6400000000000001,196807,0.03031396240987363,0.17035518138459316
0.6500000000000001,199882,0.03101329784572898,0.17305744734225906
0.6600000000000001,202957,0.03161753474873988,0.17606213057367484
0.6700000000000002,206032,0.03215034557738604,0.1793573054523596
0.6800000000000002,209107,0.03280617100336192,0.18256371692207635
0.6900000000000002,212183,0.03352766244232573,0.18579011413225915
0.7000000000000002,215258,0.03421940183407818,0.18925129806076768
0.7100000000000002,218333,0.03491913728112562,0.19288389513108614
0.7200000000000002,221408,0.03576654863419569,0.19634623648421076
0.7300000000000002,224483,0.03654174258184362,0.2001975237269355
0.7400000000000002,227558,0.037476159924063314,0.20383225144772554
0.7500000000000002,230633,0.0384116756925505,0.20767970030437838
0.7600000000000002,233708,0.03917709278244647,0.21230844274622984
0.7700000000000002,236783,0.040138016665047745,0.21661859518154056
0.7800000000000002,239859,0.04094905757132315,0.22176727960740258
0.7900000000000003,242934,0.04195378168556069,0.2265977050652709
0.8000000000000003,246009,0.042982167319081825,0.23171604175473967
0.8100000000000003,249084,0.044121661768720594,0.23679120954353294
0.8200000000000003,252159,0.045253193421610965,0.2423399335164041
0.8300000000000003,255234,0.04639663994608869,0.248350134858542
0.8400000000000003,258309,0.04749350583990492,0.25521320271533676
0.8500000000000003,261384,0.0486908150460625,0.26227589047629374
0.8600000000000003,264459,0.049917000366786535,0.2699990708910155
0.8700000000000003,267535,0.051204515297063935,0.2783169901941165
0.8800000000000003,270610,0.052555337940209154,0.28733638654779003
0.8900000000000003,273685,0.05405849790817911,0.2965174717672796
0.9000000000000004,276760,0.055647492412198296,0.3064615784852525
0.9100000000000004,279835,0.05740168313470438,0.3165919930625813
0.9200000000000004,282910,0.05899049167579796,0.33071826348522415
0.9300000000000004,285985,0.06079689494204241,0.34553563132955495
0.9400000000000004,289060,0.06277935376738393,0.36193160262316404
0.9500000000000004,292135,0.0649665394423811,0.3802029136316337
0.9600000000000004,295211,0.06732133965197774,0.40252032520325204
0.9700000000000004,298286,0.06983901356416325,0.43284552845528457
0.9800000000000004,301361,0.07269686522144538,0.4743089430894309
0.9900000000000004,304436,0.07610795043950125,0.5382113821138211
1.0000000000000004,307511,0.08072881945686496,0.0
